{
  "version": "1.1.1",
  "windows": {
    "main": {
      "main": true,
      "url": "app://editor/index.html",
      "windowType": "dockable",
<<<<<<< HEAD
      "x": 88,
      "y": 24,
      "width": 1291,
      "height": 788,
=======
      "x": 170,
      "y": 46,
      "width": 1286,
      "height": 782,
>>>>>>> 9b977ba23811b474c843e843837bc113bba9f4bf
      "layout": {
        "children": [
          {
            "children": [
              {
                "active": 0,
                "children": [
                  "hierarchy"
                ],
<<<<<<< HEAD
                "height": 328,
                "type": "panel",
                "width": 259.0625
=======
                "height": 325.6000061035156,
                "type": "panel",
                "width": 258.2875061035156
>>>>>>> 9b977ba23811b474c843e843837bc113bba9f4bf
              },
              {
                "active": 0,
                "children": [
                  "assets"
                ],
<<<<<<< HEAD
                "height": 328,
                "type": "panel",
                "width": 259.0625
              }
            ],
            "height": 659,
            "type": "dock-v",
            "width": 259.0625
=======
                "height": 325.6000061035156,
                "type": "panel",
                "width": 258.2875061035156
              }
            ],
            "height": 654.2000122070312,
            "type": "dock-v",
            "width": 258.2875061035156
>>>>>>> 9b977ba23811b474c843e843837bc113bba9f4bf
          },
          {
            "children": [
              {
                "active": 0,
                "children": [
                  "scene"
                ],
<<<<<<< HEAD
                "height": 412.13751220703125,
                "type": "panel",
                "width": 663.7250366210938
=======
                "height": 408.63751220703125,
                "type": "panel",
                "width": 660.7250366210938
>>>>>>> 9b977ba23811b474c843e843837bc113bba9f4bf
              },
              {
                "active": 0,
                "children": [
                  "console",
                  "timeline"
                ],
<<<<<<< HEAD
                "height": 243.85000610351562,
                "type": "panel",
                "width": 663.7250366210938
              }
            ],
            "height": 659,
            "type": "dock-v",
            "width": 663.7250366210938
=======
                "height": 242.5625,
                "type": "panel",
                "width": 660.7250366210938
              }
            ],
            "height": 654.2000122070312,
            "type": "dock-v",
            "width": 660.7250366210938
>>>>>>> 9b977ba23811b474c843e843837bc113bba9f4bf
          },
          {
            "active": 0,
            "children": [
              "inspector"
            ],
<<<<<<< HEAD
            "height": 659,
            "type": "panel",
            "width": 340.3999938964844
=======
            "height": 654.2000122070312,
            "type": "panel",
            "width": 339.375
>>>>>>> 9b977ba23811b474c843e843837bc113bba9f4bf
          }
        ],
        "type": "dock-h"
      },
      "panels": [
        "console",
        "inspector",
        "hierarchy",
        "assets",
        "scene",
        "timeline"
      ]
    }
  },
  "panels": {
    "preferences": {
      "x": 476,
      "y": 128,
      "width": 580,
      "height": 568
    }
  }
}